pcap	c00_f00.bin	1810524	44dc0917e2829e70
pcap	c00_f00.prm	378	cb4c61f4e3568257
pcap	c00_f01.bin	1886432	a36a6a0be531972b
pcap	c00_f01.prm	378	ca07a3b4e9e42a72
pcap	c00_f02.bin	1882804	7a21f1411cf38d06
pcap	c00_f02.prm	378	9e7481a96783b2ec
pcap	c01_f03.bin	1901524	4e85703a9196c7c4
pcap	c01_f03.prm	378	8d65da90c013f7cc
pcap	c01_f04.bin	1906164	1fe1ec4218fcb810
pcap	c01_f04.prm	378	d7c1fba2c6387141
pcap	c01_f05.bin	1925120	b9e60a9464ea9b6c
pcap	c01_f05.prm	378	66bc76d756895b0a
icap	c00_f00.bin	1810524	7db5883cd87a2e5d
icap	c00_f00.prm	378	cb4c61f4e3568257
icap	c00_f01.bin	1886432	f803152d4f1dd1e5
icap	c00_f01.prm	378	ca07a3b4e9e42a72
icap	c00_f02.bin	1882804	2a99d164e947d2a8
icap	c00_f02.prm	378	9e7481a96783b2ec
icap	c01_f03.bin	1901524	5f2483221ad8afc8
icap	c01_f03.prm	378	8d65da90c013f7cc
icap	c01_f04.bin	1906164	371cae114cb3dfa2
icap	c01_f04.prm	378	d7c1fba2c6387141
icap	c01_f05.bin	1925120	c915e8444e5d0b21
icap	c01_f05.prm	378	66bc76d756895b0a
jtag	c00_f00.bit	1810664	c3e3d4f4c51a16ca
jtag	c00_f01.bit	1886572	e8050cf1cd1da6e8
jtag	c00_f02.bit	1882944	0bca8b93ea1e1d21
jtag	c01_f03.bit	1901664	a700c1afe1332030
jtag	c01_f04.bit	1906304	6c8e9a6cb14324cf
jtag	c01_f05.bit	1925260	430838c347810241
jtag	frac.bin	44503044	7eff45e5d7c4a807
jtag	frac.bit	44503171	848bf9507a7f9495
jtag	frac.ltx	1032	d42f29c2892f5341
jtag	frac_pblock_c00_bbx_inst_partial.ltx	244	990f49eae2eb6aa2
jtag	frac_pblock_c01_bbx_inst_partial.ltx	244	37ffff37574f6583
