top_k	create_project.tcl	1790524958	1790524971	13	0
log	create_project.tcl	1790524958	1790524971	13	0
norm	create_project.tcl	1790524958	1790524971	13	0
frac	create_project.tcl	1790524958	1790525014	56	0
top_k	run_synth.tcl	1790525014	1790525065	51	0
norm	run_synth.tcl	1790525014	1790525225	211	0
log	run_synth.tcl	1790525014	1790525324	310	0
frac	run_synth.tcl	1790525014	1790526035	1021	0
frac	create_pr_xdc.tcl	1790526035	1790526182	147	0
frac	run_route.tcl	1790526182	1790530848	4666	0
frac	abs_impl_c01_bbx_inst_norm.tcl	1790530848	1790531129	281	0
frac	abs_impl_c01_bbx_inst_log.tcl	1790530848	1790531143	295	0
frac	abs_impl_c00_bbx_inst_norm.tcl	1790530848	1790531157	309	0
frac	abs_impl_c00_bbx_inst_log.tcl	1790530848	1790531203	355	0
frac	run_bitgen.tcl	1790531203	1790532253	1050	0
